{"cameraMode":{"drawMode":0,"name":"Shaded","section":"Shading Mode"},"sceneLighting":true,"audioPlay":false,"sceneViewState":{"m_AlwaysRefresh":false,"showFog":true,"showSkybox":true,"showFlares":true,"showImageEffects":true,"showParticleSystems":true,"showVisualEffectGraphs":true,"m_FxEnabled":true},"in2DMode":false,"pivot":{"x":0.5190369486808777,"y":0.10650019347667694,"z":-1.0986995697021485},"rotation":{"x":-0.31266066431999209,"y":0.20277053117752076,"z":-0.06850729882717133,"w":-0.9254459738731384},"size":4.760797500610352,"orthographic":false}